43153649546845996,"['/Users/daiz/summarize_170607/bad/warps_43153649546845996_1/coaddf.fits', '/Users/daiz/summarize_170607/bad/warps_43153649546845996_2/coaddf.fits', '/Users/daiz/summarize_170607/bad/warps_43153649546845996_3/coaddf.fits']",/Users/daiz/combined_images/0_43153649546845996.png,0,0.9905,0.0095
42050560211309901,"['/Users/daiz/summarize_170607/bad/warps_42050560211309901_1/coaddfr90.fits', '/Users/daiz/summarize_170607/bad/warps_42050560211309901_2/coaddfr90.fits', '/Users/daiz/summarize_170607/bad/warps_42050560211309901_3/coaddfr90.fits']",/Users/daiz/combined_images/0_42050560211309901.png,0,0.7672,0.2328
43114891761974535,"['/Users/daiz/summarize_170607/bad/warps_43114891761974535_1/coaddr180.fits', '/Users/daiz/summarize_170607/bad/warps_43114891761974535_2/coaddr180.fits', '/Users/daiz/summarize_170607/bad/warps_43114891761974535_3/coaddr180.fits']",/Users/daiz/combined_images/0_43114891761974535.png,0,0.6317,0.3683
44223195187796013,"['/Users/daiz/summarize_170607/bad/warps_44223195187796013_1/coaddr270.fits', '/Users/daiz/summarize_170607/bad/warps_44223195187796013_2/coaddr270.fits', '/Users/daiz/summarize_170607/bad/warps_44223195187796013_3/coaddr270.fits']",/Users/daiz/combined_images/0_44223195187796013.png,0,0.8345,0.1655
37498719511257124,"['/Users/daiz/summarize_170607/bad/warps_37498719511257124_1/coaddfr90.fits', '/Users/daiz/summarize_170607/bad/warps_37498719511257124_2/coaddfr90.fits', '/Users/daiz/summarize_170607/bad/warps_37498719511257124_3/coaddfr90.fits']",/Users/daiz/combined_images/0_37498719511257124.png,0,0.8625,0.1375
43114891761974535,"['/Users/daiz/summarize_170607/bad/warps_43114891761974535_1/coaddfr180.fits', '/Users/daiz/summarize_170607/bad/warps_43114891761974535_2/coaddfr180.fits', '/Users/daiz/summarize_170607/bad/warps_43114891761974535_3/coaddfr180.fits']",/Users/daiz/combined_images/0_43114891761974535.png,0,0.4511,0.5489
36420248928272221,"['/Users/daiz/summarize_170607/bad/warps_36420248928272221_1/coaddr270.fits', '/Users/daiz/summarize_170607/bad/warps_36420248928272221_2/coaddr270.fits', '/Users/daiz/summarize_170607/bad/warps_36420248928272221_3/coaddr270.fits']",/Users/daiz/combined_images/0_36420248928272221.png,0,0.8578,0.1422
42697068753487433,"['/Users/daiz/summarize_170607/bad/warps_42697068753487433_1/coaddr90.fits', '/Users/daiz/summarize_170607/bad/warps_42697068753487433_2/coaddr90.fits', '/Users/daiz/summarize_170607/bad/warps_42697068753487433_3/coaddr90.fits']",/Users/daiz/combined_images/0_42697068753487433.png,0,0.8568,0.1432
41215073108131824,"['/Users/daiz/summarize_170607/bad/warps_41215073108131824_1/coaddf.fits', '/Users/daiz/summarize_170607/bad/warps_41215073108131824_2/coaddf.fits', '/Users/daiz/summarize_170607/bad/warps_41215073108131824_3/coaddf.fits']",/Users/daiz/combined_images/0_41215073108131824.png,0,0.1925,0.8075
37484984205861454,"['/Users/daiz/summarize_170607/bad/warps_37484984205861454_1/coaddfr90.fits', '/Users/daiz/summarize_170607/bad/warps_37484984205861454_2/coaddfr90.fits', '/Users/daiz/summarize_170607/bad/warps_37484984205861454_3/coaddfr90.fits']",/Users/daiz/combined_images/0_37484984205861454.png,0,0.7628,0.2372
37489115964381419,"['/Users/daiz/summarize_170607/bad/warps_37489115964381419_1/coaddr90.fits', '/Users/daiz/summarize_170607/bad/warps_37489115964381419_2/coaddr90.fits', '/Users/daiz/summarize_170607/bad/warps_37489115964381419_3/coaddr90.fits']",/Users/daiz/combined_images/0_37489115964381419.png,0,0.7359,0.2641
70409297258877002,"['/Users/daiz/summarize_170607/bad/warps_70409297258877002_1/coaddr270.fits', '/Users/daiz/summarize_170607/bad/warps_70409297258877002_2/coaddr270.fits', '/Users/daiz/summarize_170607/bad/warps_70409297258877002_3/coaddr270.fits']",/Users/daiz/combined_images/0_70409297258877002.png,0,0.7608,0.2392
42050697650268502,"['/Users/daiz/summarize_170607/bad/warps_42050697650268502_1/coaddfr270.fits', '/Users/daiz/summarize_170607/bad/warps_42050697650268502_2/coaddfr270.fits', '/Users/daiz/summarize_170607/bad/warps_42050697650268502_3/coaddfr270.fits']",/Users/daiz/combined_images/0_42050697650268502.png,0,0.2808,0.7192
43153649546845996,"['/Users/daiz/summarize_170607/bad/warps_43153649546845996_1/coaddfr90.fits', '/Users/daiz/summarize_170607/bad/warps_43153649546845996_2/coaddfr90.fits', '/Users/daiz/summarize_170607/bad/warps_43153649546845996_3/coaddfr90.fits']",/Users/daiz/combined_images/0_43153649546845996.png,0,0.9776,0.0224
41232399006203227,"['/Users/daiz/summarize_170607/bad/warps_41232399006203227_1/coaddfr270.fits', '/Users/daiz/summarize_170607/bad/warps_41232399006203227_2/coaddfr270.fits', '/Users/daiz/summarize_170607/bad/warps_41232399006203227_3/coaddfr270.fits']",/Users/daiz/combined_images/0_41232399006203227.png,0,0.2487,0.7513
41215073108131824,"['/Users/daiz/summarize_170607/bad/warps_41215073108131824_1/coaddr90.fits', '/Users/daiz/summarize_170607/bad/warps_41215073108131824_2/coaddr90.fits', '/Users/daiz/summarize_170607/bad/warps_41215073108131824_3/coaddr90.fits']",/Users/daiz/combined_images/0_41215073108131824.png,0,0.1165,0.8835
38536233286133521,"['/Users/daiz/summarize_170607/bad/warps_38536233286133521_1/coaddr180.fits', '/Users/daiz/summarize_170607/bad/warps_38536233286133521_2/coaddr180.fits', '/Users/daiz/summarize_170607/bad/warps_38536233286133521_3/coaddr180.fits']",/Users/daiz/combined_images/0_38536233286133521.png,0,0.9403,0.0597
43704363138448336,"['/Users/daiz/summarize_170607/bad/warps_43704363138448336_1/coaddfr90.fits', '/Users/daiz/summarize_170607/bad/warps_43704363138448336_2/coaddfr90.fits', '/Users/daiz/summarize_170607/bad/warps_43704363138448336_3/coaddfr90.fits']",/Users/daiz/combined_images/0_43704363138448336.png,0,0.9417,0.0583
37498719511257124,"['/Users/daiz/summarize_170607/bad/warps_37498719511257124_1/coaddr180.fits', '/Users/daiz/summarize_170607/bad/warps_37498719511257124_2/coaddr180.fits', '/Users/daiz/summarize_170607/bad/warps_37498719511257124_3/coaddr180.fits']",/Users/daiz/combined_images/0_37498719511257124.png,0,0.8926,0.1074
43105404179192676,"['/Users/daiz/summarize_170607/bad/warps_43105404179192676_1/coaddr90.fits', '/Users/daiz/summarize_170607/bad/warps_43105404179192676_2/coaddr90.fits', '/Users/daiz/summarize_170607/bad/warps_43105404179192676_3/coaddr90.fits']",/Users/daiz/combined_images/0_43105404179192676.png,0,0.7938,0.2062
37484984205861454,"['/Users/daiz/summarize_170607/bad/warps_37484984205861454_1/coadd.fits', '/Users/daiz/summarize_170607/bad/warps_37484984205861454_2/coadd.fits', '/Users/daiz/summarize_170607/bad/warps_37484984205861454_3/coadd.fits']",/Users/daiz/combined_images/0_37484984205861454.png,0,0.7467,0.2533
76552535011266644,"['/Users/daiz/summarize_170607/bad/warps_76552535011266644_1/coaddr180.fits', '/Users/daiz/summarize_170607/bad/warps_76552535011266644_2/coaddr180.fits', '/Users/daiz/summarize_170607/bad/warps_76552535011266644_3/coaddr180.fits']",/Users/daiz/combined_images/0_76552535011266644.png,0,0.6404,0.3596
38544617062295771,"['/Users/daiz/summarize_170607/bad/warps_38544617062295771_1/coadd.fits', '/Users/daiz/summarize_170607/bad/warps_38544617062295771_2/coadd.fits', '/Users/daiz/summarize_170607/bad/warps_38544617062295771_3/coadd.fits']",/Users/daiz/combined_images/0_38544617062295771.png,0,0.8490,0.1510
37498599252171940,"['/Users/daiz/summarize_170607/bad/warps_37498599252171940_1/coaddf.fits', '/Users/daiz/summarize_170607/bad/warps_37498599252171940_2/coaddf.fits', '/Users/daiz/summarize_170607/bad/warps_37498599252171940_3/coaddf.fits']",/Users/daiz/combined_images/0_37498599252171940.png,0,0.6251,0.3749
42041914442141052,"['/Users/daiz/summarize_170607/bad/warps_42041914442141052_1/coaddf.fits', '/Users/daiz/summarize_170607/bad/warps_42041914442141052_2/coaddf.fits', '/Users/daiz/summarize_170607/bad/warps_42041914442141052_3/coaddf.fits']",/Users/daiz/combined_images/0_42041914442141052.png,0,0.8314,0.1686
37475758616103127,"['/Users/daiz/summarize_170607/bad/warps_37475758616103127_1/coaddr90.fits', '/Users/daiz/summarize_170607/bad/warps_37475758616103127_2/coaddr90.fits', '/Users/daiz/summarize_170607/bad/warps_37475758616103127_3/coaddr90.fits']",/Users/daiz/combined_images/0_37475758616103127.png,0,0.7865,0.2135
44223195187796013,"['/Users/daiz/summarize_170607/bad/warps_44223195187796013_1/coaddf.fits', '/Users/daiz/summarize_170607/bad/warps_44223195187796013_2/coaddf.fits', '/Users/daiz/summarize_170607/bad/warps_44223195187796013_3/coaddf.fits']",/Users/daiz/combined_images/0_44223195187796013.png,0,0.8490,0.1510
41100732488775618,"['/Users/daiz/summarize_170607/bad/warps_41100732488775618_1/coaddfr90.fits', '/Users/daiz/summarize_170607/bad/warps_41100732488775618_2/coaddfr90.fits', '/Users/daiz/summarize_170607/bad/warps_41100732488775618_3/coaddfr90.fits']",/Users/daiz/combined_images/0_41100732488775618.png,0,0.8417,0.1583
37489115964381419,"['/Users/daiz/summarize_170607/bad/warps_37489115964381419_1/coaddfr270.fits', '/Users/daiz/summarize_170607/bad/warps_37489115964381419_2/coaddfr270.fits', '/Users/daiz/summarize_170607/bad/warps_37489115964381419_3/coaddfr270.fits']",/Users/daiz/combined_images/0_37489115964381419.png,0,0.7524,0.2476
41215073108131824,"['/Users/daiz/summarize_170607/bad/warps_41215073108131824_1/coaddfr90.fits', '/Users/daiz/summarize_170607/bad/warps_41215073108131824_2/coaddfr90.fits', '/Users/daiz/summarize_170607/bad/warps_41215073108131824_3/coaddfr90.fits']",/Users/daiz/combined_images/0_41215073108131824.png,0,0.3160,0.6840
42168903740187758,"['/Users/daiz/summarize_170607/bad/warps_42168903740187758_1/coaddr180.fits', '/Users/daiz/summarize_170607/bad/warps_42168903740187758_2/coaddr180.fits', '/Users/daiz/summarize_170607/bad/warps_42168903740187758_3/coaddr180.fits']",/Users/daiz/combined_images/0_42168903740187758.png,0,0.9002,0.0998
37493904852914481,"['/Users/daiz/summarize_170607/bad/warps_37493904852914481_1/coaddr90.fits', '/Users/daiz/summarize_170607/bad/warps_37493904852914481_2/coaddr90.fits', '/Users/daiz/summarize_170607/bad/warps_37493904852914481_3/coaddr90.fits']",/Users/daiz/combined_images/0_37493904852914481.png,0,0.9615,0.0385
75338674174195143,"['/Users/daiz/summarize_170607/bad/warps_75338674174195143_1/coaddr180.fits', '/Users/daiz/summarize_170607/bad/warps_75338674174195143_2/coaddr180.fits', '/Users/daiz/summarize_170607/bad/warps_75338674174195143_3/coaddr180.fits']",/Users/daiz/combined_images/0_75338674174195143.png,0,0.5384,0.4616
41223048862399337,"['/Users/daiz/summarize_170607/bad/warps_41223048862399337_1/coaddfr180.fits', '/Users/daiz/summarize_170607/bad/warps_41223048862399337_2/coaddfr180.fits', '/Users/daiz/summarize_170607/bad/warps_41223048862399337_3/coaddfr180.fits']",/Users/daiz/combined_images/0_41223048862399337.png,0,0.8254,0.1746
37489115964381419,"['/Users/daiz/summarize_170607/bad/warps_37489115964381419_1/coadd.fits', '/Users/daiz/summarize_170607/bad/warps_37489115964381419_2/coadd.fits', '/Users/daiz/summarize_170607/bad/warps_37489115964381419_3/coadd.fits']",/Users/daiz/combined_images/0_37489115964381419.png,0,0.6976,0.3024
44223195187796013,"['/Users/daiz/summarize_170607/bad/warps_44223195187796013_1/coadd.fits', '/Users/daiz/summarize_170607/bad/warps_44223195187796013_2/coadd.fits', '/Users/daiz/summarize_170607/bad/warps_44223195187796013_3/coadd.fits']",/Users/daiz/combined_images/0_44223195187796013.png,0,0.8746,0.1254
37498719511257124,"['/Users/daiz/summarize_170607/bad/warps_37498719511257124_1/coaddf.fits', '/Users/daiz/summarize_170607/bad/warps_37498719511257124_2/coaddf.fits', '/Users/daiz/summarize_170607/bad/warps_37498719511257124_3/coaddf.fits']",/Users/daiz/combined_images/0_37498719511257124.png,0,0.8407,0.1593
38558635835552264,"['/Users/daiz/summarize_170607/bad/warps_38558635835552264_1/coaddfr270.fits', '/Users/daiz/summarize_170607/bad/warps_38558635835552264_2/coaddfr270.fits', '/Users/daiz/summarize_170607/bad/warps_38558635835552264_3/coaddfr270.fits']",/Users/daiz/combined_images/0_38558635835552264.png,0,0.8700,0.1300
37475758616103127,"['/Users/daiz/summarize_170607/bad/warps_37475758616103127_1/coaddf.fits', '/Users/daiz/summarize_170607/bad/warps_37475758616103127_2/coaddf.fits', '/Users/daiz/summarize_170607/bad/warps_37475758616103127_3/coaddf.fits']",/Users/daiz/combined_images/0_37475758616103127.png,0,0.6538,0.3462
37498719511257124,"['/Users/daiz/summarize_170607/bad/warps_37498719511257124_1/coaddr90.fits', '/Users/daiz/summarize_170607/bad/warps_37498719511257124_2/coaddr90.fits', '/Users/daiz/summarize_170607/bad/warps_37498719511257124_3/coaddr90.fits']",/Users/daiz/combined_images/0_37498719511257124.png,0,0.8832,0.1168
42292190776420178,"['/Users/daiz/summarize_170607/bad/warps_42292190776420178_1/coaddf.fits', '/Users/daiz/summarize_170607/bad/warps_42292190776420178_2/coaddf.fits', '/Users/daiz/summarize_170607/bad/warps_42292190776420178_3/coaddf.fits']",/Users/daiz/combined_images/0_42292190776420178.png,0,0.9723,0.0277
41100732488775618,"['/Users/daiz/summarize_170607/bad/warps_41100732488775618_1/coaddfr180.fits', '/Users/daiz/summarize_170607/bad/warps_41100732488775618_2/coaddfr180.fits', '/Users/daiz/summarize_170607/bad/warps_41100732488775618_3/coaddfr180.fits']",/Users/daiz/combined_images/0_41100732488775618.png,0,0.8577,0.1423
41232399006203227,"['/Users/daiz/summarize_170607/bad/warps_41232399006203227_1/coaddfr180.fits', '/Users/daiz/summarize_170607/bad/warps_41232399006203227_2/coaddfr180.fits', '/Users/daiz/summarize_170607/bad/warps_41232399006203227_3/coaddfr180.fits']",/Users/daiz/combined_images/0_41232399006203227.png,0,0.1233,0.8767
43704363138448336,"['/Users/daiz/summarize_170607/bad/warps_43704363138448336_1/coaddr90.fits', '/Users/daiz/summarize_170607/bad/warps_43704363138448336_2/coaddr90.fits', '/Users/daiz/summarize_170607/bad/warps_43704363138448336_3/coaddr90.fits']",/Users/daiz/combined_images/0_43704363138448336.png,0,0.9566,0.0434
38544617062295771,"['/Users/daiz/summarize_170607/bad/warps_38544617062295771_1/coaddr90.fits', '/Users/daiz/summarize_170607/bad/warps_38544617062295771_2/coaddr90.fits', '/Users/daiz/summarize_170607/bad/warps_38544617062295771_3/coaddr90.fits']",/Users/daiz/combined_images/0_38544617062295771.png,0,0.8582,0.1418
42168757711301456,"['/Users/daiz/summarize_170607/bad/warps_42168757711301456_1/coaddr90.fits', '/Users/daiz/summarize_170607/bad/warps_42168757711301456_2/coaddr90.fits', '/Users/daiz/summarize_170607/bad/warps_42168757711301456_3/coaddr90.fits']",/Users/daiz/combined_images/0_42168757711301456.png,0,0.5573,0.4427
41223048862399337,"['/Users/daiz/summarize_170607/bad/warps_41223048862399337_1/coaddf.fits', '/Users/daiz/summarize_170607/bad/warps_41223048862399337_2/coaddf.fits', '/Users/daiz/summarize_170607/bad/warps_41223048862399337_3/coaddf.fits']",/Users/daiz/combined_images/0_41223048862399337.png,0,0.8036,0.1964
36420248928272221,"['/Users/daiz/summarize_170607/bad/warps_36420248928272221_1/coadd.fits', '/Users/daiz/summarize_170607/bad/warps_36420248928272221_2/coadd.fits', '/Users/daiz/summarize_170607/bad/warps_36420248928272221_3/coadd.fits']",/Users/daiz/combined_images/0_36420248928272221.png,0,0.7317,0.2683
42041914442141052,"['/Users/daiz/summarize_170607/bad/warps_42041914442141052_1/coaddr180.fits', '/Users/daiz/summarize_170607/bad/warps_42041914442141052_2/coaddr180.fits', '/Users/daiz/summarize_170607/bad/warps_42041914442141052_3/coaddr180.fits']",/Users/daiz/combined_images/0_42041914442141052.png,0,0.8669,0.1331
42041626679335752,"['/Users/daiz/summarize_170607/bad/warps_42041626679335752_1/coaddr180.fits', '/Users/daiz/summarize_170607/bad/warps_42041626679335752_2/coaddr180.fits', '/Users/daiz/summarize_170607/bad/warps_42041626679335752_3/coaddr180.fits']",/Users/daiz/combined_images/0_42041626679335752.png,0,0.1422,0.8578
38553988680942696,"['/Users/daiz/summarize_170607/bad/warps_38553988680942696_1/coaddfr180.fits', '/Users/daiz/summarize_170607/bad/warps_38553988680942696_2/coaddfr180.fits', '/Users/daiz/summarize_170607/bad/warps_38553988680942696_3/coaddfr180.fits']",/Users/daiz/combined_images/0_38553988680942696.png,0,0.8446,0.1554
38536233286133521,"['/Users/daiz/summarize_170607/bad/warps_38536233286133521_1/coaddfr270.fits', '/Users/daiz/summarize_170607/bad/warps_38536233286133521_2/coaddfr270.fits', '/Users/daiz/summarize_170607/bad/warps_38536233286133521_3/coaddfr270.fits']",/Users/daiz/combined_images/0_38536233286133521.png,0,0.9095,0.0905
37493904852914481,"['/Users/daiz/summarize_170607/bad/warps_37493904852914481_1/coaddfr270.fits', '/Users/daiz/summarize_170607/bad/warps_37493904852914481_2/coaddfr270.fits', '/Users/daiz/summarize_170607/bad/warps_37493904852914481_3/coaddfr270.fits']",/Users/daiz/combined_images/0_37493904852914481.png,0,0.8767,0.1233
43153649546845996,"['/Users/daiz/summarize_170607/bad/warps_43153649546845996_1/coaddr90.fits', '/Users/daiz/summarize_170607/bad/warps_43153649546845996_2/coaddr90.fits', '/Users/daiz/summarize_170607/bad/warps_43153649546845996_3/coaddr90.fits']",/Users/daiz/combined_images/0_43153649546845996.png,0,0.9836,0.0164
37475758616103127,"['/Users/daiz/summarize_170607/bad/warps_37475758616103127_1/coaddfr90.fits', '/Users/daiz/summarize_170607/bad/warps_37475758616103127_2/coaddfr90.fits', '/Users/daiz/summarize_170607/bad/warps_37475758616103127_3/coaddfr90.fits']",/Users/daiz/combined_images/0_37475758616103127.png,0,0.8801,0.1199
42296155031237364,"['/Users/daiz/summarize_170607/bad/warps_42296155031237364_1/coaddfr180.fits', '/Users/daiz/summarize_170607/bad/warps_42296155031237364_2/coaddfr180.fits', '/Users/daiz/summarize_170607/bad/warps_42296155031237364_3/coaddfr180.fits']",/Users/daiz/combined_images/0_42296155031237364.png,0,0.6579,0.3421
43114891761974535,"['/Users/daiz/summarize_170607/bad/warps_43114891761974535_1/coadd.fits', '/Users/daiz/summarize_170607/bad/warps_43114891761974535_2/coadd.fits', '/Users/daiz/summarize_170607/bad/warps_43114891761974535_3/coadd.fits']",/Users/daiz/combined_images/0_43114891761974535.png,0,0.5553,0.4447
42168895150262240,"['/Users/daiz/summarize_170607/bad/warps_42168895150262240_1/coaddr180.fits', '/Users/daiz/summarize_170607/bad/warps_42168895150262240_2/coaddr180.fits', '/Users/daiz/summarize_170607/bad/warps_42168895150262240_3/coaddr180.fits']",/Users/daiz/combined_images/0_42168895150262240.png,0,0.7921,0.2079
38545312846999964,"['/Users/daiz/summarize_170607/bad/warps_38545312846999964_1/coaddfr90.fits', '/Users/daiz/summarize_170607/bad/warps_38545312846999964_2/coaddfr90.fits', '/Users/daiz/summarize_170607/bad/warps_38545312846999964_3/coaddfr90.fits']",/Users/daiz/combined_images/0_38545312846999964.png,0,0.8501,0.1499
42090146924877157,"['/Users/daiz/summarize_170607/bad/warps_42090146924877157_1/coaddfr90.fits', '/Users/daiz/summarize_170607/bad/warps_42090146924877157_2/coaddfr90.fits', '/Users/daiz/summarize_170607/bad/warps_42090146924877157_3/coaddfr90.fits']",/Users/daiz/combined_images/0_42090146924877157.png,0,0.8371,0.1629
42168903740187758,"['/Users/daiz/summarize_170607/bad/warps_42168903740187758_1/coaddf.fits', '/Users/daiz/summarize_170607/bad/warps_42168903740187758_2/coaddf.fits', '/Users/daiz/summarize_170607/bad/warps_42168903740187758_3/coaddf.fits']",/Users/daiz/combined_images/0_42168903740187758.png,0,0.8615,0.1385
38558635835552264,"['/Users/daiz/summarize_170607/bad/warps_38558635835552264_1/coaddr90.fits', '/Users/daiz/summarize_170607/bad/warps_38558635835552264_2/coaddr90.fits', '/Users/daiz/summarize_170607/bad/warps_38558635835552264_3/coaddr90.fits']",/Users/daiz/combined_images/0_38558635835552264.png,0,0.6847,0.3153
42168895150262240,"['/Users/daiz/summarize_170607/bad/warps_42168895150262240_1/coaddr270.fits', '/Users/daiz/summarize_170607/bad/warps_42168895150262240_2/coaddr270.fits', '/Users/daiz/summarize_170607/bad/warps_42168895150262240_3/coaddr270.fits']",/Users/daiz/combined_images/0_42168895150262240.png,0,0.8748,0.1252
38544642832073060,"['/Users/daiz/summarize_170607/bad/warps_38544642832073060_1/coaddfr90.fits', '/Users/daiz/summarize_170607/bad/warps_38544642832073060_2/coaddfr90.fits', '/Users/daiz/summarize_170607/bad/warps_38544642832073060_3/coaddfr90.fits']",/Users/daiz/combined_images/0_38544642832073060.png,0,0.4647,0.5353
38553988680942696,"['/Users/daiz/summarize_170607/bad/warps_38553988680942696_1/coaddr180.fits', '/Users/daiz/summarize_170607/bad/warps_38553988680942696_2/coaddr180.fits', '/Users/daiz/summarize_170607/bad/warps_38553988680942696_3/coaddr180.fits']",/Users/daiz/combined_images/0_38553988680942696.png,0,0.9589,0.0411
43158326766238784,"['/Users/daiz/summarize_170607/bad/warps_43158326766238784_1/coaddfr270.fits', '/Users/daiz/summarize_170607/bad/warps_43158326766238784_2/coaddfr270.fits', '/Users/daiz/summarize_170607/bad/warps_43158326766238784_3/coaddfr270.fits']",/Users/daiz/combined_images/0_43158326766238784.png,0,0.8687,0.1313
42041914442141052,"['/Users/daiz/summarize_170607/bad/warps_42041914442141052_1/coaddr90.fits', '/Users/daiz/summarize_170607/bad/warps_42041914442141052_2/coaddr90.fits', '/Users/daiz/summarize_170607/bad/warps_42041914442141052_3/coaddr90.fits']",/Users/daiz/combined_images/0_42041914442141052.png,0,0.7207,0.2793
43153649546845996,"['/Users/daiz/summarize_170607/bad/warps_43153649546845996_1/coaddfr180.fits', '/Users/daiz/summarize_170607/bad/warps_43153649546845996_2/coaddfr180.fits', '/Users/daiz/summarize_170607/bad/warps_43153649546845996_3/coaddfr180.fits']",/Users/daiz/combined_images/0_43153649546845996.png,0,0.9897,0.0103
42090146924877157,"['/Users/daiz/summarize_170607/bad/warps_42090146924877157_1/coaddfr180.fits', '/Users/daiz/summarize_170607/bad/warps_42090146924877157_2/coaddfr180.fits', '/Users/daiz/summarize_170607/bad/warps_42090146924877157_3/coaddfr180.fits']",/Users/daiz/combined_images/0_42090146924877157.png,0,0.8992,0.1008
41100732488775618,"['/Users/daiz/summarize_170607/bad/warps_41100732488775618_1/coaddfr270.fits', '/Users/daiz/summarize_170607/bad/warps_41100732488775618_2/coaddfr270.fits', '/Users/daiz/summarize_170607/bad/warps_41100732488775618_3/coaddfr270.fits']",/Users/daiz/combined_images/0_41100732488775618.png,0,0.8036,0.1964
38553280011329621,"['/Users/daiz/summarize_170607/bad/warps_38553280011329621_1/coaddf.fits', '/Users/daiz/summarize_170607/bad/warps_38553280011329621_2/coaddf.fits', '/Users/daiz/summarize_170607/bad/warps_38553280011329621_3/coaddf.fits']",/Users/daiz/combined_images/0_38553280011329621.png,0,0.0291,0.9709
41100161258101375,"['/Users/daiz/summarize_170607/bad/warps_41100161258101375_1/coaddr90.fits', '/Users/daiz/summarize_170607/bad/warps_41100161258101375_2/coaddr90.fits', '/Users/daiz/summarize_170607/bad/warps_41100161258101375_3/coaddr90.fits']",/Users/daiz/combined_images/0_41100161258101375.png,0,0.7190,0.2810
43114891761974535,"['/Users/daiz/summarize_170607/bad/warps_43114891761974535_1/coaddfr270.fits', '/Users/daiz/summarize_170607/bad/warps_43114891761974535_2/coaddfr270.fits', '/Users/daiz/summarize_170607/bad/warps_43114891761974535_3/coaddfr270.fits']",/Users/daiz/combined_images/0_43114891761974535.png,0,0.1852,0.8148
42090146924877157,"['/Users/daiz/summarize_170607/bad/warps_42090146924877157_1/coadd.fits', '/Users/daiz/summarize_170607/bad/warps_42090146924877157_2/coadd.fits', '/Users/daiz/summarize_170607/bad/warps_42090146924877157_3/coadd.fits']",/Users/daiz/combined_images/0_42090146924877157.png,0,0.9022,0.0978
41215073108131824,"['/Users/daiz/summarize_170607/bad/warps_41215073108131824_1/coaddfr180.fits', '/Users/daiz/summarize_170607/bad/warps_41215073108131824_2/coaddfr180.fits', '/Users/daiz/summarize_170607/bad/warps_41215073108131824_3/coaddfr180.fits']",/Users/daiz/combined_images/0_41215073108131824.png,0,0.2537,0.7463
38553280011329621,"['/Users/daiz/summarize_170607/bad/warps_38553280011329621_1/coaddfr180.fits', '/Users/daiz/summarize_170607/bad/warps_38553280011329621_2/coaddfr180.fits', '/Users/daiz/summarize_170607/bad/warps_38553280011329621_3/coaddfr180.fits']",/Users/daiz/combined_images/0_38553280011329621.png,0,0.9950,0.0050
37493904852914481,"['/Users/daiz/summarize_170607/bad/warps_37493904852914481_1/coaddr180.fits', '/Users/daiz/summarize_170607/bad/warps_37493904852914481_2/coaddr180.fits', '/Users/daiz/summarize_170607/bad/warps_37493904852914481_3/coaddr180.fits']",/Users/daiz/combined_images/0_37493904852914481.png,0,0.8565,0.1435
43158326766238784,"['/Users/daiz/summarize_170607/bad/warps_43158326766238784_1/coaddr90.fits', '/Users/daiz/summarize_170607/bad/warps_43158326766238784_2/coaddr90.fits', '/Users/daiz/summarize_170607/bad/warps_43158326766238784_3/coaddr90.fits']",/Users/daiz/combined_images/0_43158326766238784.png,0,0.1089,0.8911
43163540856534287,"['/Users/daiz/summarize_170607/bad/warps_43163540856534287_1/coaddr90.fits', '/Users/daiz/summarize_170607/bad/warps_43163540856534287_2/coaddr90.fits', '/Users/daiz/summarize_170607/bad/warps_43163540856534287_3/coaddr90.fits']",/Users/daiz/combined_images/0_43163540856534287.png,0,0.9970,0.0030
37489115964381419,"['/Users/daiz/summarize_170607/bad/warps_37489115964381419_1/coaddfr90.fits', '/Users/daiz/summarize_170607/bad/warps_37489115964381419_2/coaddfr90.fits', '/Users/daiz/summarize_170607/bad/warps_37489115964381419_3/coaddfr90.fits']",/Users/daiz/combined_images/0_37489115964381419.png,0,0.7911,0.2089
38540085871796684,"['/Users/daiz/summarize_170607/bad/warps_38540085871796684_1/coaddr90.fits', '/Users/daiz/summarize_170607/bad/warps_38540085871796684_2/coaddr90.fits', '/Users/daiz/summarize_170607/bad/warps_38540085871796684_3/coaddr90.fits']",/Users/daiz/combined_images/0_38540085871796684.png,0,1.0000,0.0000
43105404179192676,"['/Users/daiz/summarize_170607/bad/warps_43105404179192676_1/coaddr180.fits', '/Users/daiz/summarize_170607/bad/warps_43105404179192676_2/coaddr180.fits', '/Users/daiz/summarize_170607/bad/warps_43105404179192676_3/coaddr180.fits']",/Users/daiz/combined_images/0_43105404179192676.png,0,0.8364,0.1636
36438532604056801,"['/Users/daiz/summarize_170607/good/warps_36438532604056801_1/coaddr270.fits', '/Users/daiz/summarize_170607/good/warps_36438532604056801_2/coaddr270.fits', '/Users/daiz/summarize_170607/good/warps_36438532604056801_3/coaddr270.fits']",/Users/daiz/combined_images/1_36438532604056801.png,1,0.0271,0.9729
41232386121298045,"['/Users/daiz/summarize_170607/good/warps_41232386121298045_1/coaddfr270.fits', '/Users/daiz/summarize_170607/good/warps_41232386121298045_2/coaddfr270.fits', '/Users/daiz/summarize_170607/good/warps_41232386121298045_3/coaddfr270.fits']",/Users/daiz/combined_images/1_41232386121298045.png,1,0.7468,0.2532
40972647974063956,"['/Users/daiz/summarize_170607/good/warps_40972647974063956_1/coaddr270.fits', '/Users/daiz/summarize_170607/good/warps_40972647974063956_2/coaddr270.fits', '/Users/daiz/summarize_170607/good/warps_40972647974063956_3/coaddr270.fits']",/Users/daiz/combined_images/1_40972647974063956.png,1,0.4157,0.5843
38540923390399826,"['/Users/daiz/summarize_170607/good/warps_38540923390399826_1/coaddf.fits', '/Users/daiz/summarize_170607/good/warps_38540923390399826_2/coaddf.fits', '/Users/daiz/summarize_170607/good/warps_38540923390399826_3/coaddf.fits']",/Users/daiz/combined_images/1_38540923390399826.png,1,0.3246,0.6754
41232386121298045,"['/Users/daiz/summarize_170607/good/warps_41232386121298045_1/coaddfr90.fits', '/Users/daiz/summarize_170607/good/warps_41232386121298045_2/coaddfr90.fits', '/Users/daiz/summarize_170607/good/warps_41232386121298045_3/coaddfr90.fits']",/Users/daiz/combined_images/1_41232386121298045.png,1,0.5677,0.4323
70413429017439200,"['/Users/daiz/summarize_170607/good/warps_70413429017439200_1/coaddr90.fits', '/Users/daiz/summarize_170607/good/warps_70413429017439200_2/coaddr90.fits', '/Users/daiz/summarize_170607/good/warps_70413429017439200_3/coaddr90.fits']",/Users/daiz/combined_images/1_70413429017439200.png,1,0.3081,0.6919
41619014782325143,"['/Users/daiz/summarize_170607/good/warps_41619014782325143_1/coaddfr270.fits', '/Users/daiz/summarize_170607/good/warps_41619014782325143_2/coaddfr270.fits', '/Users/daiz/summarize_170607/good/warps_41619014782325143_3/coaddfr270.fits']",/Users/daiz/combined_images/1_41619014782325143.png,1,0.1549,0.8451
42094141244468091,"['/Users/daiz/summarize_170607/good/warps_42094141244468091_1/coaddr90.fits', '/Users/daiz/summarize_170607/good/warps_42094141244468091_2/coaddr90.fits', '/Users/daiz/summarize_170607/good/warps_42094141244468091_3/coaddr90.fits']",/Users/daiz/combined_images/1_42094141244468091.png,1,0.0471,0.9529
38558249288472744,"['/Users/daiz/summarize_170607/good/warps_38558249288472744_1/coadd.fits', '/Users/daiz/summarize_170607/good/warps_38558249288472744_2/coadd.fits', '/Users/daiz/summarize_170607/good/warps_38558249288472744_3/coadd.fits']",/Users/daiz/combined_images/1_38558249288472744.png,1,0.0190,0.9810
37484997090740902,"['/Users/daiz/summarize_170607/good/warps_37484997090740902_1/coaddr180.fits', '/Users/daiz/summarize_170607/good/warps_37484997090740902_2/coaddr180.fits', '/Users/daiz/summarize_170607/good/warps_37484997090740902_3/coaddr180.fits']",/Users/daiz/combined_images/1_37484997090740902.png,1,0.0759,0.9241
42173834362649893,"['/Users/daiz/summarize_170607/good/warps_42173834362649893_1/coaddf.fits', '/Users/daiz/summarize_170607/good/warps_42173834362649893_2/coaddf.fits', '/Users/daiz/summarize_170607/good/warps_42173834362649893_3/coaddf.fits']",/Users/daiz/combined_images/1_42173834362649893.png,1,0.2977,0.7023
43159018255966117,"['/Users/daiz/summarize_170607/good/warps_43159018255966117_1/coaddr270.fits', '/Users/daiz/summarize_170607/good/warps_43159018255966117_2/coaddr270.fits', '/Users/daiz/summarize_170607/good/warps_43159018255966117_3/coaddr270.fits']",/Users/daiz/combined_images/1_43159018255966117.png,1,0.0019,0.9981
42045616703935866,"['/Users/daiz/summarize_170607/good/warps_42045616703935866_1/coadd.fits', '/Users/daiz/summarize_170607/good/warps_42045616703935866_2/coadd.fits', '/Users/daiz/summarize_170607/good/warps_42045616703935866_3/coadd.fits']",/Users/daiz/combined_images/1_42045616703935866.png,1,0.5643,0.4357
43163283158473900,"['/Users/daiz/summarize_170607/good/warps_43163283158473900_1/coadd.fits', '/Users/daiz/summarize_170607/good/warps_43163283158473900_2/coadd.fits', '/Users/daiz/summarize_170607/good/warps_43163283158473900_3/coadd.fits']",/Users/daiz/combined_images/1_43163283158473900.png,1,0.1616,0.8384
42045900171794405,"['/Users/daiz/summarize_170607/good/warps_42045900171794405_1/coaddfr90.fits', '/Users/daiz/summarize_170607/good/warps_42045900171794405_2/coaddfr90.fits', '/Users/daiz/summarize_170607/good/warps_42045900171794405_3/coaddfr90.fits']",/Users/daiz/combined_images/1_42045900171794405.png,1,0.3517,0.6483
37484584773899507,"['/Users/daiz/summarize_170607/good/warps_37484584773899507_1/coaddfr90.fits', '/Users/daiz/summarize_170607/good/warps_37484584773899507_2/coaddfr90.fits', '/Users/daiz/summarize_170607/good/warps_37484584773899507_3/coaddfr90.fits']",/Users/daiz/combined_images/1_37484584773899507.png,1,0.8192,0.1808
42045900171794405,"['/Users/daiz/summarize_170607/good/warps_42045900171794405_1/coaddf.fits', '/Users/daiz/summarize_170607/good/warps_42045900171794405_2/coaddf.fits', '/Users/daiz/summarize_170607/good/warps_42045900171794405_3/coaddf.fits']",/Users/daiz/combined_images/1_42045900171794405.png,1,0.4347,0.5653
75339507397850829,"['/Users/daiz/summarize_170607/good/warps_75339507397850829_1/coaddfr180.fits', '/Users/daiz/summarize_170607/good/warps_75339507397850829_2/coaddfr180.fits', '/Users/daiz/summarize_170607/good/warps_75339507397850829_3/coaddfr180.fits']",/Users/daiz/combined_images/1_75339507397850829.png,1,0.2821,0.7179
36416675515470506,"['/Users/daiz/summarize_170607/good/warps_36416675515470506_1/coaddf.fits', '/Users/daiz/summarize_170607/good/warps_36416675515470506_2/coaddf.fits', '/Users/daiz/summarize_170607/good/warps_36416675515470506_3/coaddf.fits']",/Users/daiz/combined_images/1_36416675515470506.png,1,0.3292,0.6708
70408747503068476,"['/Users/daiz/summarize_170607/good/warps_70408747503068476_1/coaddr180.fits', '/Users/daiz/summarize_170607/good/warps_70408747503068476_2/coaddr180.fits', '/Users/daiz/summarize_170607/good/warps_70408747503068476_3/coaddr180.fits']",/Users/daiz/combined_images/1_70408747503068476.png,1,0.1020,0.8980
41219187686773652,"['/Users/daiz/summarize_170607/good/warps_41219187686773652_1/coaddr270.fits', '/Users/daiz/summarize_170607/good/warps_41219187686773652_2/coaddr270.fits', '/Users/daiz/summarize_170607/good/warps_41219187686773652_3/coaddr270.fits']",/Users/daiz/combined_images/1_41219187686773652.png,1,0.3666,0.6334
36438532604056801,"['/Users/daiz/summarize_170607/good/warps_36438532604056801_1/coaddfr270.fits', '/Users/daiz/summarize_170607/good/warps_36438532604056801_2/coaddfr270.fits', '/Users/daiz/summarize_170607/good/warps_36438532604056801_3/coaddfr270.fits']",/Users/daiz/combined_images/1_36438532604056801.png,1,0.0801,0.9199
41232789848223188,"['/Users/daiz/summarize_170607/good/warps_41232789848223188_1/coaddr270.fits', '/Users/daiz/summarize_170607/good/warps_41232789848223188_2/coaddr270.fits', '/Users/daiz/summarize_170607/good/warps_41232789848223188_3/coaddr270.fits']",/Users/daiz/combined_images/1_41232789848223188.png,1,0.0042,0.9958
41108819912164885,"['/Users/daiz/summarize_170607/good/warps_41108819912164885_1/coadd.fits', '/Users/daiz/summarize_170607/good/warps_41108819912164885_2/coadd.fits', '/Users/daiz/summarize_170607/good/warps_41108819912164885_3/coadd.fits']",/Users/daiz/combined_images/1_41108819912164885.png,1,0.5628,0.4372
42291765574662759,"['/Users/daiz/summarize_170607/good/warps_42291765574662759_1/coaddfr270.fits', '/Users/daiz/summarize_170607/good/warps_42291765574662759_2/coaddfr270.fits', '/Users/daiz/summarize_170607/good/warps_42291765574662759_3/coaddfr270.fits']",/Users/daiz/combined_images/1_42291765574662759.png,1,0.5694,0.4306
43119281218545359,"['/Users/daiz/summarize_170607/good/warps_43119281218545359_1/coaddr180.fits', '/Users/daiz/summarize_170607/good/warps_43119281218545359_2/coaddr180.fits', '/Users/daiz/summarize_170607/good/warps_43119281218545359_3/coaddr180.fits']",/Users/daiz/combined_images/1_43119281218545359.png,1,0.9997,0.0003
42173834362649893,"['/Users/daiz/summarize_170607/good/warps_42173834362649893_1/coaddfr180.fits', '/Users/daiz/summarize_170607/good/warps_42173834362649893_2/coaddfr180.fits', '/Users/daiz/summarize_170607/good/warps_42173834362649893_3/coaddfr180.fits']",/Users/daiz/combined_images/1_42173834362649893.png,1,0.3422,0.6578
42045616703935866,"['/Users/daiz/summarize_170607/good/warps_42045616703935866_1/coaddr270.fits', '/Users/daiz/summarize_170607/good/warps_42045616703935866_2/coaddr270.fits', '/Users/daiz/summarize_170607/good/warps_42045616703935866_3/coaddr270.fits']",/Users/daiz/combined_images/1_42045616703935866.png,1,0.4443,0.5557
44223332626753322,"['/Users/daiz/summarize_170607/good/warps_44223332626753322_1/coaddr270.fits', '/Users/daiz/summarize_170607/good/warps_44223332626753322_2/coaddr270.fits', '/Users/daiz/summarize_170607/good/warps_44223332626753322_3/coaddr270.fits']",/Users/daiz/combined_images/1_44223332626753322.png,1,0.1203,0.8797
43703671648705996,"['/Users/daiz/summarize_170607/good/warps_43703671648705996_1/coaddr90.fits', '/Users/daiz/summarize_170607/good/warps_43703671648705996_2/coaddr90.fits', '/Users/daiz/summarize_170607/good/warps_43703671648705996_3/coaddr90.fits']",/Users/daiz/combined_images/1_43703671648705996.png,1,0.0221,0.9779
76552814184124838,"['/Users/daiz/summarize_170607/good/warps_76552814184124838_1/coaddfr270.fits', '/Users/daiz/summarize_170607/good/warps_76552814184124838_2/coaddfr270.fits', '/Users/daiz/summarize_170607/good/warps_76552814184124838_3/coaddfr270.fits']",/Users/daiz/combined_images/1_76552814184124838.png,1,0.0393,0.9607
37485241903877120,"['/Users/daiz/summarize_170607/good/warps_37485241903877120_1/coaddf.fits', '/Users/daiz/summarize_170607/good/warps_37485241903877120_2/coaddf.fits', '/Users/daiz/summarize_170607/good/warps_37485241903877120_3/coaddf.fits']",/Users/daiz/combined_images/1_37485241903877120.png,1,0.0491,0.9509
44223195187796008,"['/Users/daiz/summarize_170607/good/warps_44223195187796008_1/coaddf.fits', '/Users/daiz/summarize_170607/good/warps_44223195187796008_2/coaddf.fits', '/Users/daiz/summarize_170607/good/warps_44223195187796008_3/coaddf.fits']",/Users/daiz/combined_images/1_44223195187796008.png,1,0.7826,0.2174
43163274568563688,"['/Users/daiz/summarize_170607/good/warps_43163274568563688_1/coaddfr270.fits', '/Users/daiz/summarize_170607/good/warps_43163274568563688_2/coaddfr270.fits', '/Users/daiz/summarize_170607/good/warps_43163274568563688_3/coaddfr270.fits']",/Users/daiz/combined_images/1_43163274568563688.png,1,0.0000,1.0000
36416117169721871,"['/Users/daiz/summarize_170607/good/warps_36416117169721871_1/coadd.fits', '/Users/daiz/summarize_170607/good/warps_36416117169721871_2/coadd.fits', '/Users/daiz/summarize_170607/good/warps_36416117169721871_3/coadd.fits']",/Users/daiz/combined_images/1_36416117169721871.png,1,0.5915,0.4085
43159018255966117,"['/Users/daiz/summarize_170607/good/warps_43159018255966117_1/coaddfr270.fits', '/Users/daiz/summarize_170607/good/warps_43159018255966117_2/coaddfr270.fits', '/Users/daiz/summarize_170607/good/warps_43159018255966117_3/coaddfr270.fits']",/Users/daiz/combined_images/1_43159018255966117.png,1,0.0030,0.9970
39600706570684033,"['/Users/daiz/summarize_170607/good/warps_39600706570684033_1/coadd.fits', '/Users/daiz/summarize_170607/good/warps_39600706570684033_2/coadd.fits', '/Users/daiz/summarize_170607/good/warps_39600706570684033_3/coadd.fits']",/Users/daiz/combined_images/1_39600706570684033.png,1,0.0015,0.9985
44222782870921332,"['/Users/daiz/summarize_170607/good/warps_44222782870921332_1/coaddr90.fits', '/Users/daiz/summarize_170607/good/warps_44222782870921332_2/coaddr90.fits', '/Users/daiz/summarize_170607/good/warps_44222782870921332_3/coaddr90.fits']",/Users/daiz/combined_images/1_44222782870921332.png,1,0.3699,0.6301
41113660340309806,"['/Users/daiz/summarize_170607/good/warps_41113660340309806_1/coaddr270.fits', '/Users/daiz/summarize_170607/good/warps_41113660340309806_2/coaddr270.fits', '/Users/daiz/summarize_170607/good/warps_41113660340309806_3/coaddr270.fits']",/Users/daiz/combined_images/1_41113660340309806.png,1,0.0650,0.9350
43163274568563688,"['/Users/daiz/summarize_170607/good/warps_43163274568563688_1/coaddfr180.fits', '/Users/daiz/summarize_170607/good/warps_43163274568563688_2/coaddfr180.fits', '/Users/daiz/summarize_170607/good/warps_43163274568563688_3/coaddfr180.fits']",/Users/daiz/combined_images/1_43163274568563688.png,1,0.2477,0.7523
43158876522058467,"['/Users/daiz/summarize_170607/good/warps_43158876522058467_1/coaddr180.fits', '/Users/daiz/summarize_170607/good/warps_43158876522058467_2/coaddr180.fits', '/Users/daiz/summarize_170607/good/warps_43158876522058467_3/coaddr180.fits']",/Users/daiz/combined_images/1_43158876522058467.png,1,0.0588,0.9412
41214119625383308,"['/Users/daiz/summarize_170607/good/warps_41214119625383308_1/coadd.fits', '/Users/daiz/summarize_170607/good/warps_41214119625383308_2/coadd.fits', '/Users/daiz/summarize_170607/good/warps_41214119625383308_3/coadd.fits']",/Users/daiz/combined_images/1_41214119625383308.png,1,0.0932,0.9068
37485241903877120,"['/Users/daiz/summarize_170607/good/warps_37485241903877120_1/coaddr90.fits', '/Users/daiz/summarize_170607/good/warps_37485241903877120_2/coaddr90.fits', '/Users/daiz/summarize_170607/good/warps_37485241903877120_3/coaddr90.fits']",/Users/daiz/combined_images/1_37485241903877120.png,1,0.7329,0.2671
44222512287973661,"['/Users/daiz/summarize_170607/good/warps_44222512287973661_1/coaddf.fits', '/Users/daiz/summarize_170607/good/warps_44222512287973661_2/coaddf.fits', '/Users/daiz/summarize_170607/good/warps_44222512287973661_3/coaddf.fits']",/Users/daiz/combined_images/1_44222512287973661.png,1,0.0227,0.9773
44218380529464482,"['/Users/daiz/summarize_170607/good/warps_44218380529464482_1/coadd.fits', '/Users/daiz/summarize_170607/good/warps_44218380529464482_2/coadd.fits', '/Users/daiz/summarize_170607/good/warps_44218380529464482_3/coadd.fits']",/Users/daiz/combined_images/1_44218380529464482.png,1,0.2306,0.7694
41219187686773652,"['/Users/daiz/summarize_170607/good/warps_41219187686773652_1/coaddr180.fits', '/Users/daiz/summarize_170607/good/warps_41219187686773652_2/coaddr180.fits', '/Users/daiz/summarize_170607/good/warps_41219187686773652_3/coaddr180.fits']",/Users/daiz/combined_images/1_41219187686773652.png,1,0.5355,0.4645
40049603667565000,"['/Users/daiz/summarize_170607/good/warps_40049603667565000_1/coaddr180.fits', '/Users/daiz/summarize_170607/good/warps_40049603667565000_2/coaddr180.fits', '/Users/daiz/summarize_170607/good/warps_40049603667565000_3/coaddr180.fits']",/Users/daiz/combined_images/1_40049603667565000.png,1,0.1969,0.8031
43159018255973224,"['/Users/daiz/summarize_170607/good/warps_43159018255973224_1/coaddfr270.fits', '/Users/daiz/summarize_170607/good/warps_43159018255973224_2/coaddfr270.fits', '/Users/daiz/summarize_170607/good/warps_43159018255973224_3/coaddfr270.fits']",/Users/daiz/combined_images/1_43159018255973224.png,1,0.3722,0.6278
36416675515470506,"['/Users/daiz/summarize_170607/good/warps_36416675515470506_1/coaddfr180.fits', '/Users/daiz/summarize_170607/good/warps_36416675515470506_2/coaddfr180.fits', '/Users/daiz/summarize_170607/good/warps_36416675515470506_3/coaddfr180.fits']",/Users/daiz/combined_images/1_36416675515470506.png,1,0.3690,0.6310
43163283158473900,"['/Users/daiz/summarize_170607/good/warps_43163283158473900_1/coaddfr90.fits', '/Users/daiz/summarize_170607/good/warps_43163283158473900_2/coaddfr90.fits', '/Users/daiz/summarize_170607/good/warps_43163283158473900_3/coaddfr90.fits']",/Users/daiz/combined_images/1_43163283158473900.png,1,0.0034,0.9966
44222512287973661,"['/Users/daiz/summarize_170607/good/warps_44222512287973661_1/coaddr180.fits', '/Users/daiz/summarize_170607/good/warps_44222512287973661_2/coaddr180.fits', '/Users/daiz/summarize_170607/good/warps_44222512287973661_3/coaddr180.fits']",/Users/daiz/combined_images/1_44222512287973661.png,1,0.0104,0.9896
44222782870921332,"['/Users/daiz/summarize_170607/good/warps_44222782870921332_1/coaddfr270.fits', '/Users/daiz/summarize_170607/good/warps_44222782870921332_2/coaddfr270.fits', '/Users/daiz/summarize_170607/good/warps_44222782870921332_3/coaddfr270.fits']",/Users/daiz/combined_images/1_44222782870921332.png,1,0.3851,0.6149
42045616703935866,"['/Users/daiz/summarize_170607/good/warps_42045616703935866_1/coaddr90.fits', '/Users/daiz/summarize_170607/good/warps_42045616703935866_2/coaddr90.fits', '/Users/daiz/summarize_170607/good/warps_42045616703935866_3/coaddr90.fits']",/Users/daiz/combined_images/1_42045616703935866.png,1,0.3114,0.6886
42291765574654906,"['/Users/daiz/summarize_170607/good/warps_42291765574654906_1/coaddr180.fits', '/Users/daiz/summarize_170607/good/warps_42291765574654906_2/coaddr180.fits', '/Users/daiz/summarize_170607/good/warps_42291765574654906_3/coaddr180.fits']",/Users/daiz/combined_images/1_42291765574654906.png,1,0.7046,0.2954
43163283158473900,"['/Users/daiz/summarize_170607/good/warps_43163283158473900_1/coaddr180.fits', '/Users/daiz/summarize_170607/good/warps_43163283158473900_2/coaddr180.fits', '/Users/daiz/summarize_170607/good/warps_43163283158473900_3/coaddr180.fits']",/Users/daiz/combined_images/1_43163283158473900.png,1,0.1741,0.8259
38549586339457908,"['/Users/daiz/summarize_170607/good/warps_38549586339457908_1/coaddfr180.fits', '/Users/daiz/summarize_170607/good/warps_38549586339457908_2/coaddfr180.fits', '/Users/daiz/summarize_170607/good/warps_38549586339457908_3/coaddfr180.fits']",/Users/daiz/combined_images/1_38549586339457908.png,1,0.5834,0.4166
70408751798056988,"['/Users/daiz/summarize_170607/good/warps_70408751798056988_1/coaddr90.fits', '/Users/daiz/summarize_170607/good/warps_70408751798056988_2/coaddr90.fits', '/Users/daiz/summarize_170607/good/warps_70408751798056988_3/coaddr90.fits']",/Users/daiz/combined_images/1_70408751798056988.png,1,0.1638,0.8362
42168890855294736,"['/Users/daiz/summarize_170607/good/warps_42168890855294736_1/coaddfr90.fits', '/Users/daiz/summarize_170607/good/warps_42168890855294736_2/coaddfr90.fits', '/Users/daiz/summarize_170607/good/warps_42168890855294736_3/coaddfr90.fits']",/Users/daiz/combined_images/1_42168890855294736.png,1,0.2628,0.7372
42045904466761392,"['/Users/daiz/summarize_170607/good/warps_42045904466761392_1/coaddfr90.fits', '/Users/daiz/summarize_170607/good/warps_42045904466761392_2/coaddfr90.fits', '/Users/daiz/summarize_170607/good/warps_42045904466761392_3/coaddfr90.fits']",/Users/daiz/combined_images/1_42045904466761392.png,1,0.2768,0.7232
38540923390399826,"['/Users/daiz/summarize_170607/good/warps_38540923390399826_1/coaddr90.fits', '/Users/daiz/summarize_170607/good/warps_38540923390399826_2/coaddr90.fits', '/Users/daiz/summarize_170607/good/warps_38540923390399826_3/coaddr90.fits']",/Users/daiz/combined_images/1_38540923390399826.png,1,0.6586,0.3414
43159018255973224,"['/Users/daiz/summarize_170607/good/warps_43159018255973224_1/coaddr270.fits', '/Users/daiz/summarize_170607/good/warps_43159018255973224_2/coaddr270.fits', '/Users/daiz/summarize_170607/good/warps_43159018255973224_3/coaddr270.fits']",/Users/daiz/combined_images/1_43159018255973224.png,1,0.9598,0.0402
36416675515470506,"['/Users/daiz/summarize_170607/good/warps_36416675515470506_1/coaddr90.fits', '/Users/daiz/summarize_170607/good/warps_36416675515470506_2/coaddr90.fits', '/Users/daiz/summarize_170607/good/warps_36416675515470506_3/coaddr90.fits']",/Users/daiz/combined_images/1_36416675515470506.png,1,0.5135,0.4865
43158584464248827,"['/Users/daiz/summarize_170607/good/warps_43158584464248827_1/coaddfr270.fits', '/Users/daiz/summarize_170607/good/warps_43158584464248827_2/coaddfr270.fits', '/Users/daiz/summarize_170607/good/warps_43158584464248827_3/coaddfr270.fits']",/Users/daiz/combined_images/1_43158584464248827.png,1,0.0167,0.9833
42169032589216928,"['/Users/daiz/summarize_170607/good/warps_42169032589216928_1/coaddf.fits', '/Users/daiz/summarize_170607/good/warps_42169032589216928_2/coaddf.fits', '/Users/daiz/summarize_170607/good/warps_42169032589216928_3/coaddf.fits']",/Users/daiz/combined_images/1_42169032589216928.png,1,0.6031,0.3969
36438532604056801,"['/Users/daiz/summarize_170607/good/warps_36438532604056801_1/coaddfr90.fits', '/Users/daiz/summarize_170607/good/warps_36438532604056801_2/coaddfr90.fits', '/Users/daiz/summarize_170607/good/warps_36438532604056801_3/coaddfr90.fits']",/Users/daiz/combined_images/1_36438532604056801.png,1,0.2250,0.7750
41223182006386871,"['/Users/daiz/summarize_170607/good/warps_41223182006386871_1/coaddr270.fits', '/Users/daiz/summarize_170607/good/warps_41223182006386871_2/coaddr270.fits', '/Users/daiz/summarize_170607/good/warps_41223182006386871_3/coaddr270.fits']",/Users/daiz/combined_images/1_41223182006386871.png,1,0.2399,0.7601
42045900171794405,"['/Users/daiz/summarize_170607/good/warps_42045900171794405_1/coaddfr180.fits', '/Users/daiz/summarize_170607/good/warps_42045900171794405_2/coaddfr180.fits', '/Users/daiz/summarize_170607/good/warps_42045900171794405_3/coaddfr180.fits']",/Users/daiz/combined_images/1_42045900171794405.png,1,0.3418,0.6582
75338815908110692,"['/Users/daiz/summarize_170607/good/warps_75338815908110692_1/coaddr180.fits', '/Users/daiz/summarize_170607/good/warps_75338815908110692_2/coaddr180.fits', '/Users/daiz/summarize_170607/good/warps_75338815908110692_3/coaddr180.fits']",/Users/daiz/combined_images/1_75338815908110692.png,1,0.0322,0.9678
70413429017439200,"['/Users/daiz/summarize_170607/good/warps_70413429017439200_1/coaddr180.fits', '/Users/daiz/summarize_170607/good/warps_70413429017439200_2/coaddr180.fits', '/Users/daiz/summarize_170607/good/warps_70413429017439200_3/coaddr180.fits']",/Users/daiz/combined_images/1_70413429017439200.png,1,0.7144,0.2856
43163283158473900,"['/Users/daiz/summarize_170607/good/warps_43163283158473900_1/coaddf.fits', '/Users/daiz/summarize_170607/good/warps_43163283158473900_2/coaddf.fits', '/Users/daiz/summarize_170607/good/warps_43163283158473900_3/coaddf.fits']",/Users/daiz/combined_images/1_43163283158473900.png,1,0.1290,0.8710
75339507397850829,"['/Users/daiz/summarize_170607/good/warps_75339507397850829_1/coadd.fits', '/Users/daiz/summarize_170607/good/warps_75339507397850829_2/coadd.fits', '/Users/daiz/summarize_170607/good/warps_75339507397850829_3/coadd.fits']",/Users/daiz/combined_images/1_75339507397850829.png,1,0.2804,0.7196
43163283158473900,"['/Users/daiz/summarize_170607/good/warps_43163283158473900_1/coaddfr180.fits', '/Users/daiz/summarize_170607/good/warps_43163283158473900_2/coaddfr180.fits', '/Users/daiz/summarize_170607/good/warps_43163283158473900_3/coaddfr180.fits']",/Users/daiz/combined_images/1_43163283158473900.png,1,0.1747,0.8253
39600706570684033,"['/Users/daiz/summarize_170607/good/warps_39600706570684033_1/coaddr180.fits', '/Users/daiz/summarize_170607/good/warps_39600706570684033_2/coaddr180.fits', '/Users/daiz/summarize_170607/good/warps_39600706570684033_3/coaddr180.fits']",/Users/daiz/combined_images/1_39600706570684033.png,1,0.0017,0.9983
38558111849538066,"['/Users/daiz/summarize_170607/good/warps_38558111849538066_1/coaddfr180.fits', '/Users/daiz/summarize_170607/good/warps_38558111849538066_2/coaddfr180.fits', '/Users/daiz/summarize_170607/good/warps_38558111849538066_3/coaddfr180.fits']",/Users/daiz/combined_images/1_38558111849538066.png,1,0.8348,0.1652
43158313881327308,"['/Users/daiz/summarize_170607/good/warps_43158313881327308_1/coaddf.fits', '/Users/daiz/summarize_170607/good/warps_43158313881327308_2/coaddf.fits', '/Users/daiz/summarize_170607/good/warps_43158313881327308_3/coaddf.fits']",/Users/daiz/combined_images/1_43158313881327308.png,1,0.0014,0.9986
37484984205844283,"['/Users/daiz/summarize_170607/good/warps_37484984205844283_1/coadd.fits', '/Users/daiz/summarize_170607/good/warps_37484984205844283_2/coadd.fits', '/Users/daiz/summarize_170607/good/warps_37484984205844283_3/coadd.fits']",/Users/daiz/combined_images/1_37484984205844283.png,1,0.0589,0.9411
42300836545587444,"['/Users/daiz/summarize_170607/good/warps_42300836545587444_1/coaddfr90.fits', '/Users/daiz/summarize_170607/good/warps_42300836545587444_2/coaddfr90.fits', '/Users/daiz/summarize_170607/good/warps_42300836545587444_3/coaddfr90.fits']",/Users/daiz/combined_images/1_42300836545587444.png,1,0.4942,0.5058
42300969689570181,"['/Users/daiz/summarize_170607/good/warps_42300969689570181_1/coaddfr180.fits', '/Users/daiz/summarize_170607/good/warps_42300969689570181_2/coaddfr180.fits', '/Users/daiz/summarize_170607/good/warps_42300969689570181_3/coaddfr180.fits']",/Users/daiz/combined_images/1_42300969689570181.png,1,0.2047,0.7953
41223182006386871,"['/Users/daiz/summarize_170607/good/warps_41223182006386871_1/coaddf.fits', '/Users/daiz/summarize_170607/good/warps_41223182006386871_2/coaddf.fits', '/Users/daiz/summarize_170607/good/warps_41223182006386871_3/coaddf.fits']",/Users/daiz/combined_images/1_41223182006386871.png,1,0.0000,1.0000
41223182006386871,"['/Users/daiz/summarize_170607/good/warps_41223182006386871_1/coaddfr180.fits', '/Users/daiz/summarize_170607/good/warps_41223182006386871_2/coaddfr180.fits', '/Users/daiz/summarize_170607/good/warps_41223182006386871_3/coaddfr180.fits']",/Users/daiz/combined_images/1_41223182006386871.png,1,0.0000,1.0000
41624074253788580,"['/Users/daiz/summarize_170607/good/warps_41624074253788580_1/coaddf.fits', '/Users/daiz/summarize_170607/good/warps_41624074253788580_2/coaddf.fits', '/Users/daiz/summarize_170607/good/warps_41624074253788580_3/coaddf.fits']",/Users/daiz/combined_images/1_41624074253788580.png,1,0.0475,0.9525
43158876522058467,"['/Users/daiz/summarize_170607/good/warps_43158876522058467_1/coaddf.fits', '/Users/daiz/summarize_170607/good/warps_43158876522058467_2/coaddf.fits', '/Users/daiz/summarize_170607/good/warps_43158876522058467_3/coaddf.fits']",/Users/daiz/combined_images/1_43158876522058467.png,1,0.0500,0.9500
43158313881327308,"['/Users/daiz/summarize_170607/good/warps_43158313881327308_1/coaddr90.fits', '/Users/daiz/summarize_170607/good/warps_43158313881327308_2/coaddr90.fits', '/Users/daiz/summarize_170607/good/warps_43158313881327308_3/coaddr90.fits']",/Users/daiz/combined_images/1_43158313881327308.png,1,0.0010,0.9990
42169032589216928,"['/Users/daiz/summarize_170607/good/warps_42169032589216928_1/coaddr180.fits', '/Users/daiz/summarize_170607/good/warps_42169032589216928_2/coaddr180.fits', '/Users/daiz/summarize_170607/good/warps_42169032589216928_3/coaddr180.fits']",/Users/daiz/combined_images/1_42169032589216928.png,1,0.4149,0.5851
43158876522058467,"['/Users/daiz/summarize_170607/good/warps_43158876522058467_1/coaddfr180.fits', '/Users/daiz/summarize_170607/good/warps_43158876522058467_2/coaddfr180.fits', '/Users/daiz/summarize_170607/good/warps_43158876522058467_3/coaddfr180.fits']",/Users/daiz/combined_images/1_43158876522058467.png,1,0.0502,0.9498
41113660340309806,"['/Users/daiz/summarize_170607/good/warps_41113660340309806_1/coaddr180.fits', '/Users/daiz/summarize_170607/good/warps_41113660340309806_2/coaddr180.fits', '/Users/daiz/summarize_170607/good/warps_41113660340309806_3/coaddr180.fits']",/Users/daiz/combined_images/1_41113660340309806.png,1,0.4387,0.5613
37489927713232672,"['/Users/daiz/summarize_170607/good/warps_37489927713232672_1/coaddfr270.fits', '/Users/daiz/summarize_170607/good/warps_37489927713232672_2/coaddfr270.fits', '/Users/daiz/summarize_170607/good/warps_37489927713232672_3/coaddfr270.fits']",/Users/daiz/combined_images/1_37489927713232672.png,1,0.0336,0.9664
41624074253788580,"['/Users/daiz/summarize_170607/good/warps_41624074253788580_1/coaddr90.fits', '/Users/daiz/summarize_170607/good/warps_41624074253788580_2/coaddr90.fits', '/Users/daiz/summarize_170607/good/warps_41624074253788580_3/coaddr90.fits']",/Users/daiz/combined_images/1_41624074253788580.png,1,0.4539,0.5461
75338815908110692,"['/Users/daiz/summarize_170607/good/warps_75338815908110692_1/coaddfr270.fits', '/Users/daiz/summarize_170607/good/warps_75338815908110692_2/coaddfr270.fits', '/Users/daiz/summarize_170607/good/warps_75338815908110692_3/coaddfr270.fits']",/Users/daiz/combined_images/1_75338815908110692.png,1,0.7669,0.2331
42300969689570181,"['/Users/daiz/summarize_170607/good/warps_42300969689570181_1/coaddfr90.fits', '/Users/daiz/summarize_170607/good/warps_42300969689570181_2/coaddfr90.fits', '/Users/daiz/summarize_170607/good/warps_42300969689570181_3/coaddfr90.fits']",/Users/daiz/combined_images/1_42300969689570181.png,1,0.6720,0.3280
41619014782325143,"['/Users/daiz/summarize_170607/good/warps_41619014782325143_1/coaddr270.fits', '/Users/daiz/summarize_170607/good/warps_41619014782325143_2/coaddr270.fits', '/Users/daiz/summarize_170607/good/warps_41619014782325143_3/coaddr270.fits']",/Users/daiz/combined_images/1_41619014782325143.png,1,0.1402,0.8598
43163274568563688,"['/Users/daiz/summarize_170607/good/warps_43163274568563688_1/coaddr90.fits', '/Users/daiz/summarize_170607/good/warps_43163274568563688_2/coaddr90.fits', '/Users/daiz/summarize_170607/good/warps_43163274568563688_3/coaddr90.fits']",/Users/daiz/combined_images/1_43163274568563688.png,1,0.0000,1.0000
76552814184124838,"['/Users/daiz/summarize_170607/good/warps_76552814184124838_1/coaddfr180.fits', '/Users/daiz/summarize_170607/good/warps_76552814184124838_2/coaddfr180.fits', '/Users/daiz/summarize_170607/good/warps_76552814184124838_3/coaddfr180.fits']",/Users/daiz/combined_images/1_76552814184124838.png,1,0.0976,0.9024
42094141244468091,"['/Users/daiz/summarize_170607/good/warps_42094141244468091_1/coadd.fits', '/Users/daiz/summarize_170607/good/warps_42094141244468091_2/coadd.fits', '/Users/daiz/summarize_170607/good/warps_42094141244468091_3/coadd.fits']",/Users/daiz/combined_images/1_42094141244468091.png,1,0.3240,0.6760
43158889406923274,"['/Users/daiz/summarize_170607/good/warps_43158889406923274_1/coadd.fits', '/Users/daiz/summarize_170607/good/warps_43158889406923274_2/coadd.fits', '/Users/daiz/summarize_170607/good/warps_43158889406923274_3/coadd.fits']",/Users/daiz/combined_images/1_43158889406923274.png,1,0.1819,0.8181
41232106948432436,"['/Users/daiz/summarize_170607/good/warps_41232106948432436_1/coaddr180.fits', '/Users/daiz/summarize_170607/good/warps_41232106948432436_2/coaddr180.fits', '/Users/daiz/summarize_170607/good/warps_41232106948432436_3/coaddr180.fits']",/Users/daiz/combined_images/1_41232106948432436.png,1,0.7712,0.2288
36429191050166654,"['/Users/daiz/summarize_170607/good/warps_36429191050166654_1/coaddfr90.fits', '/Users/daiz/summarize_170607/good/warps_36429191050166654_2/coaddfr90.fits', '/Users/daiz/summarize_170607/good/warps_36429191050166654_3/coaddfr90.fits']",/Users/daiz/combined_images/1_36429191050166654.png,1,0.4265,0.5735
41219071722682862,"['/Users/daiz/summarize_170607/good/warps_41219071722682862_1/coaddfr90.fits', '/Users/daiz/summarize_170607/good/warps_41219071722682862_2/coaddfr90.fits', '/Users/daiz/summarize_170607/good/warps_41219071722682862_3/coaddfr90.fits']",/Users/daiz/combined_images/1_41219071722682862.png,1,0.2482,0.7518
41223182006386871,"['/Users/daiz/summarize_170607/good/warps_41223182006386871_1/coaddfr270.fits', '/Users/daiz/summarize_170607/good/warps_41223182006386871_2/coaddfr270.fits', '/Users/daiz/summarize_170607/good/warps_41223182006386871_3/coaddfr270.fits']",/Users/daiz/combined_images/1_41223182006386871.png,1,0.3574,0.6426
36429191050166654,"['/Users/daiz/summarize_170607/good/warps_36429191050166654_1/coaddr180.fits', '/Users/daiz/summarize_170607/good/warps_36429191050166654_2/coaddr180.fits', '/Users/daiz/summarize_170607/good/warps_36429191050166654_3/coaddr180.fits']",/Users/daiz/combined_images/1_36429191050166654.png,1,0.2873,0.7127
39600706570684033,"['/Users/daiz/summarize_170607/good/warps_39600706570684033_1/coaddfr180.fits', '/Users/daiz/summarize_170607/good/warps_39600706570684033_2/coaddfr180.fits', '/Users/daiz/summarize_170607/good/warps_39600706570684033_3/coaddfr180.fits']",/Users/daiz/combined_images/1_39600706570684033.png,1,0.0038,0.9962
44222782870921332,"['/Users/daiz/summarize_170607/good/warps_44222782870921332_1/coaddfr180.fits', '/Users/daiz/summarize_170607/good/warps_44222782870921332_2/coaddfr180.fits', '/Users/daiz/summarize_170607/good/warps_44222782870921332_3/coaddfr180.fits']",/Users/daiz/combined_images/1_44222782870921332.png,1,0.0087,0.9913
42173834362649893,"['/Users/daiz/summarize_170607/good/warps_42173834362649893_1/coaddr90.fits', '/Users/daiz/summarize_170607/good/warps_42173834362649893_2/coaddr90.fits', '/Users/daiz/summarize_170607/good/warps_42173834362649893_3/coaddr90.fits']",/Users/daiz/combined_images/1_42173834362649893.png,1,0.3371,0.6629
75339507397850829,"['/Users/daiz/summarize_170607/good/warps_75339507397850829_1/coaddr270.fits', '/Users/daiz/summarize_170607/good/warps_75339507397850829_2/coaddr270.fits', '/Users/daiz/summarize_170607/good/warps_75339507397850829_3/coaddr270.fits']",/Users/daiz/combined_images/1_75339507397850829.png,1,0.0942,0.9058
37484997090740902,"['/Users/daiz/summarize_170607/good/warps_37484997090740902_1/coaddr270.fits', '/Users/daiz/summarize_170607/good/warps_37484997090740902_2/coaddr270.fits', '/Users/daiz/summarize_170607/good/warps_37484997090740902_3/coaddr270.fits']",/Users/daiz/combined_images/1_37484997090740902.png,1,0.0390,0.9610
43159138515047336,"['/Users/daiz/summarize_170607/good/warps_43159138515047336_1/coaddfr90.fits', '/Users/daiz/summarize_170607/good/warps_43159138515047336_2/coaddfr90.fits', '/Users/daiz/summarize_170607/good/warps_43159138515047336_3/coaddfr90.fits']",/Users/daiz/combined_images/1_43159138515047336.png,1,0.0417,0.9583
42168890855294736,"['/Users/daiz/summarize_170607/good/warps_42168890855294736_1/coaddr180.fits', '/Users/daiz/summarize_170607/good/warps_42168890855294736_2/coaddr180.fits', '/Users/daiz/summarize_170607/good/warps_42168890855294736_3/coaddr180.fits']",/Users/daiz/combined_images/1_42168890855294736.png,1,0.0327,0.9673
70408747503068476,"['/Users/daiz/summarize_170607/good/warps_70408747503068476_1/coaddfr90.fits', '/Users/daiz/summarize_170607/good/warps_70408747503068476_2/coaddfr90.fits', '/Users/daiz/summarize_170607/good/warps_70408747503068476_3/coaddfr90.fits']",/Users/daiz/combined_images/1_70408747503068476.png,1,0.0047,0.9953
42291765574662759,"['/Users/daiz/summarize_170607/good/warps_42291765574662759_1/coaddf.fits', '/Users/daiz/summarize_170607/good/warps_42291765574662759_2/coaddf.fits', '/Users/daiz/summarize_170607/good/warps_42291765574662759_3/coaddf.fits']",/Users/daiz/combined_images/1_42291765574662759.png,1,0.4957,0.5043
42300969689570181,"['/Users/daiz/summarize_170607/good/warps_42300969689570181_1/coadd.fits', '/Users/daiz/summarize_170607/good/warps_42300969689570181_2/coadd.fits', '/Users/daiz/summarize_170607/good/warps_42300969689570181_3/coadd.fits']",/Users/daiz/combined_images/1_42300969689570181.png,1,0.3487,0.6513
37484984205844283,"['/Users/daiz/summarize_170607/good/warps_37484984205844283_1/coaddr270.fits', '/Users/daiz/summarize_170607/good/warps_37484984205844283_2/coaddr270.fits', '/Users/daiz/summarize_170607/good/warps_37484984205844283_3/coaddr270.fits']",/Users/daiz/combined_images/1_37484984205844283.png,1,0.1025,0.8975
36416117169721871,"['/Users/daiz/summarize_170607/good/warps_36416117169721871_1/coaddfr90.fits', '/Users/daiz/summarize_170607/good/warps_36416117169721871_2/coaddfr90.fits', '/Users/daiz/summarize_170607/good/warps_36416117169721871_3/coaddfr90.fits']",/Users/daiz/combined_images/1_36416117169721871.png,1,0.0919,0.9081
38558249288472744,"['/Users/daiz/summarize_170607/good/warps_38558249288472744_1/coaddfr270.fits', '/Users/daiz/summarize_170607/good/warps_38558249288472744_2/coaddfr270.fits', '/Users/daiz/summarize_170607/good/warps_38558249288472744_3/coaddfr270.fits']",/Users/daiz/combined_images/1_38558249288472744.png,1,0.2556,0.7444
36438532604056801,"['/Users/daiz/summarize_170607/good/warps_36438532604056801_1/coaddr180.fits', '/Users/daiz/summarize_170607/good/warps_36438532604056801_2/coaddr180.fits', '/Users/daiz/summarize_170607/good/warps_36438532604056801_3/coaddr180.fits']",/Users/daiz/combined_images/1_36438532604056801.png,1,0.1426,0.8574
37484984205844283,"['/Users/daiz/summarize_170607/good/warps_37484984205844283_1/coaddfr180.fits', '/Users/daiz/summarize_170607/good/warps_37484984205844283_2/coaddfr180.fits', '/Users/daiz/summarize_170607/good/warps_37484984205844283_3/coaddfr180.fits']",/Users/daiz/combined_images/1_37484984205844283.png,1,0.0562,0.9438
43118868901682265,"['/Users/daiz/summarize_170607/good/warps_43118868901682265_1/coaddr90.fits', '/Users/daiz/summarize_170607/good/warps_43118868901682265_2/coaddr90.fits', '/Users/daiz/summarize_170607/good/warps_43118868901682265_3/coaddr90.fits']",/Users/daiz/combined_images/1_43118868901682265.png,1,0.2076,0.7924
44223332626753322,"['/Users/daiz/summarize_170607/good/warps_44223332626753322_1/coadd.fits', '/Users/daiz/summarize_170607/good/warps_44223332626753322_2/coadd.fits', '/Users/daiz/summarize_170607/good/warps_44223332626753322_3/coadd.fits']",/Users/daiz/combined_images/1_44223332626753322.png,1,0.6800,0.3200
43158876522024834,"['/Users/daiz/summarize_170607/good/warps_43158876522024834_1/coaddr180.fits', '/Users/daiz/summarize_170607/good/warps_43158876522024834_2/coaddr180.fits', '/Users/daiz/summarize_170607/good/warps_43158876522024834_3/coaddr180.fits']",/Users/daiz/combined_images/1_43158876522024834.png,1,0.0212,0.9788
38558249288472744,"['/Users/daiz/summarize_170607/good/warps_38558249288472744_1/coaddr270.fits', '/Users/daiz/summarize_170607/good/warps_38558249288472744_2/coaddr270.fits', '/Users/daiz/summarize_170607/good/warps_38558249288472744_3/coaddr270.fits']",/Users/daiz/combined_images/1_38558249288472744.png,1,0.2779,0.7221
